URL,Name,Region
https://awoiaf.westeros.org/index.php/House_of_Ullhor,Ullhor,Astapor
https://awoiaf.westeros.org/index.php/House_of_Nakloz,Nakloz,Astapor
https://awoiaf.westeros.org/index.php/House_Otherys,Otherys,Braavos
https://awoiaf.westeros.org/index.php/House_Otharys,Otharys,Braavos
https://awoiaf.westeros.org/index.php/House_Antaryon,Antaryon,Braavos
https://awoiaf.westeros.org/index.php/House_Prestayn,Prestayn,Braavos
https://awoiaf.westeros.org/index.php/House_Fregar,Fregar,Braavos
https://awoiaf.westeros.org/index.php/House_Reyaan,Reyaan,Braavos
https://awoiaf.westeros.org/index.php/House_Follard,Follard,Crownlands
https://awoiaf.westeros.org/index.php/House_Wendwater,Wendwater,Crownlands
https://awoiaf.westeros.org/index.php/House_Targaryen,Targaryen of King's Landing,Crownlands
https://awoiaf.westeros.org/index.php/House_Manning,Manning,Crownlands
https://awoiaf.westeros.org/index.php/House_Mallery,Mallery,Crownlands
https://awoiaf.westeros.org/index.php/House_Rambton,Rambton,Crownlands
https://awoiaf.westeros.org/index.php/House_Darklyn,Darklyn of Duskendale,Crownlands
https://awoiaf.westeros.org/index.php/House_Darke,Darke,Crownlands
https://awoiaf.westeros.org/index.php/House_Dargood,Dargood,Crownlands
https://awoiaf.westeros.org/index.php/House_Longwaters,Longwaters,Crownlands
https://awoiaf.westeros.org/index.php/House_Byrch,Byrch,Crownlands
https://awoiaf.westeros.org/index.php/House_Cressey,Cressey,Crownlands
https://awoiaf.westeros.org/index.php/House_Chyttering,Chyttering,Crownlands
https://awoiaf.westeros.org/index.php/House_Rollingford,Rollingford,Crownlands
https://awoiaf.westeros.org/index.php/House_Rosby,Rosby of Rosby,Crownlands
https://awoiaf.westeros.org/index.php/House_Thorne,Thorne,Crownlands
https://awoiaf.westeros.org/index.php/House_Kettleblack,Kettleblack,Crownlands
https://awoiaf.westeros.org/index.php/House_Gaunt,Gaunt,Crownlands
https://awoiaf.westeros.org/index.php/House_Buckwell,Buckwell of the Antlers,Crownlands
https://awoiaf.westeros.org/index.php/House_Blount,Blount,Crownlands
https://awoiaf.westeros.org/index.php/House_Bywater,Bywater,Crownlands
https://awoiaf.westeros.org/index.php/House_Darkwood,Darkwood,Crownlands
https://awoiaf.westeros.org/index.php/House_Chelsted,Chelsted,Crownlands
https://awoiaf.westeros.org/index.php/House_Harte,Harte,Crownlands
https://awoiaf.westeros.org/index.php/House_Langward,Langward,Crownlands
https://awoiaf.westeros.org/index.php/House_Staunton,Staunton of Rook's Rest,Crownlands
https://awoiaf.westeros.org/index.php/House_Stokeworth,Stokeworth of Stokeworth,Crownlands
https://awoiaf.westeros.org/index.php/House_Farring,Farring,Crownlands
https://awoiaf.westeros.org/index.php/House_Hayford,Hayford of Hayford,Crownlands
https://awoiaf.westeros.org/index.php/House_Edgerton,Edgerton,Crownlands
https://awoiaf.westeros.org/index.php/House_Rykker,Rykker of Duskendale,Crownlands
https://awoiaf.westeros.org/index.php/House_Baratheon_of_King%27s_Landing,Baratheon of King's Landing,Crownlands
https://awoiaf.westeros.org/index.php/House_Hollard,Hollard,Crownlands
https://awoiaf.westeros.org/index.php/House_Massey,Massey of Stonedance,Crownlands
https://awoiaf.westeros.org/index.php/House_Hogg,Hogg of Sow's Horn,Crownlands
https://awoiaf.westeros.org/index.php/House_Pyle,Pyle,Crownlands
https://awoiaf.westeros.org/index.php/House_Cargyll,Cargyll,Crownlands
https://awoiaf.westeros.org/index.php/House_Blackfyre,Blackfyre,Crownlands
https://awoiaf.westeros.org/index.php/House_Boggs,Boggs,Crownlands (Crackclaw Point)
https://awoiaf.westeros.org/index.php/House_Pyne,Pyne,Crownlands (Crackclaw Point)
https://awoiaf.westeros.org/index.php/House_Cave,Cave,Crownlands (Crackclaw Point)
https://awoiaf.westeros.org/index.php/House_Brune_of_the_Dyre_Den,Brune of the Dyre Den,Crownlands (Crackclaw Point)
https://awoiaf.westeros.org/index.php/House_Crabb,Crabb of the Whispers,Crownlands (Crackclaw Point)
https://awoiaf.westeros.org/index.php/House_Hardy,Hardy,Crownlands (Crackclaw Point)
https://awoiaf.westeros.org/index.php/House_Brune_of_Brownhollow,Brune of Brownhollow,Crownlands (Crackclaw Point)
https://awoiaf.westeros.org/index.php/House_Velaryon,Velaryon of Driftmark,Crownlands (Dragonstone)
https://awoiaf.westeros.org/index.php/House_Baratheon_of_Dragonstone,Baratheon of Dragonstone,Crownlands (Dragonstone)
https://awoiaf.westeros.org/index.php/House_Sunglass,Sunglass of Sweetport Sound,Crownlands (Dragonstone)
https://awoiaf.westeros.org/index.php/House_Bar_Emmon,Bar Emmon of Sharp Point,Crownlands (Dragonstone)
https://awoiaf.westeros.org/index.php/House_Celtigar,Celtigar of Claw Isle,Crownlands (Dragonstone)
https://awoiaf.westeros.org/index.php/House_Slynt,Slynt of Harrenhal,Crownlands (origin); Riverlands (deposed)
https://awoiaf.westeros.org/index.php/House_Hull,Hull,Dorne
https://awoiaf.westeros.org/index.php/House_Holt_(Dorne),Holt,Dorne
https://awoiaf.westeros.org/index.php/House_Dalt,Dalt of Lemonwood,Dorne
https://awoiaf.westeros.org/index.php/House_Dayne_of_High_Hermitage,Dayne of High Hermitage,Dorne
https://awoiaf.westeros.org/index.php/House_Dayne,Dayne of Starfall,Dorne
https://awoiaf.westeros.org/index.php/House_Drinkwater,Drinkwater,Dorne
https://awoiaf.westeros.org/index.php/House_Dryland,Dryland of Hellgate Hall,Dorne
https://awoiaf.westeros.org/index.php/House_Santagar,Santagar of Spottswood,Dorne
https://awoiaf.westeros.org/index.php/House_Fowler,Fowler of Skyreach,Dorne
https://awoiaf.westeros.org/index.php/House_Shell_(Dorne),Shell,Dorne
https://awoiaf.westeros.org/index.php/House_Gargalen,Gargalen of Salt Shore,Dorne
https://awoiaf.westeros.org/index.php/House_Jordayne,Jordayne of the Tor,Dorne
https://awoiaf.westeros.org/index.php/House_Toland,Toland of Ghost Hill,Dorne
https://awoiaf.westeros.org/index.php/House_Wyl,Wyl of the Boneway,Dorne
https://awoiaf.westeros.org/index.php/House_Lake_(Dorne),Lake,Dorne
https://awoiaf.westeros.org/index.php/House_Martell,Martell of Sunspear,Dorne
https://awoiaf.westeros.org/index.php/House_Blackmont,Blackmont of Blackmont,Dorne
https://awoiaf.westeros.org/index.php/House_Ladybright,Ladybright,Dorne
https://awoiaf.westeros.org/index.php/House_Manwoody,Manwoody of Kingsgrave,Dorne
https://awoiaf.westeros.org/index.php/House_Qorgyle,Qorgyle of Sandstone,Dorne
https://awoiaf.westeros.org/index.php/House_Wells_(Dorne),Wells,Dorne
https://awoiaf.westeros.org/index.php/House_Yronwood,Yronwood of Yronwood,Dorne
https://awoiaf.westeros.org/index.php/House_Briar,Briar,Dorne
https://awoiaf.westeros.org/index.php/House_Vaith,Vaith of the Red Dunes,Dorne
https://awoiaf.westeros.org/index.php/House_Brook,Brook,Dorne
https://awoiaf.westeros.org/index.php/House_Wade,Wade,Dorne
https://awoiaf.westeros.org/index.php/House_Allyrion,Allyrion of Godsgrace,Dorne
https://awoiaf.westeros.org/index.php/House_Brownhill,Brownhill,Dorne
https://awoiaf.westeros.org/index.php/House_Uller,Uller of the Hellholt,Dorne
https://awoiaf.westeros.org/index.php/House_Shepherd,Shepherd,Iron Islands
https://awoiaf.westeros.org/index.php/House_Goodbrother,Goodbrother of Hammerhorn,Iron Islands
https://awoiaf.westeros.org/index.php/House_Goodbrother_of_Shatterstone,Goodbrother of Shatterstone,Iron Islands
https://awoiaf.westeros.org/index.php/House_Goodbrother_of_Orkmont,Goodbrother of Orkmont,Iron Islands
https://awoiaf.westeros.org/index.php/House_Weaver,Weaver,Iron Islands
https://awoiaf.westeros.org/index.php/House_Stonetree,Stonetree of Harlaw,Iron Islands
https://awoiaf.westeros.org/index.php/House_Stonehouse,Stonehouse of Old Wyk,Iron Islands
https://awoiaf.westeros.org/index.php/House_Farwynd,Farwynd of Sealskin Point,Iron Islands
https://awoiaf.westeros.org/index.php/House_Goodbrother_of_Downdelving,Goodbrother of Downdelving,Iron Islands
https://awoiaf.westeros.org/index.php/House_Goodbrother_of_Crow_Spike_Keep,Goodbrother of Crow Spike Keep,Iron Islands
https://awoiaf.westeros.org/index.php/House_Farwynd_of_the_Lonely_Light,Farwynd of the Lonely Light,Iron Islands
https://awoiaf.westeros.org/index.php/House_Goodbrother_of_Corpse_Lake,Goodbrother of Corpse Lake,Iron Islands
https://awoiaf.westeros.org/index.php/House_Saltcliffe,Saltcliffe of Saltcliffe,Iron Islands
https://awoiaf.westeros.org/index.php/House_Wynch,Wynch of Iron Holt,Iron Islands
https://awoiaf.westeros.org/index.php/House_Harlaw_of_the_Tower_of_Glimmering,Harlaw of the Tower of Glimmering,Iron Islands
https://awoiaf.westeros.org/index.php/House_Harlaw,Harlaw of Harlaw,Iron Islands
https://awoiaf.westeros.org/index.php/House_Sparr,Sparr of Great Wyk,Iron Islands
https://awoiaf.westeros.org/index.php/House_Harlaw_of_Harridan_Hill,Harlaw of Harridan Hill,Iron Islands
https://awoiaf.westeros.org/index.php/House_Merlyn,Merlyn of Pebbleton,Iron Islands
https://awoiaf.westeros.org/index.php/House_Myre,Myre of Harlaw,Iron Islands
https://awoiaf.westeros.org/index.php/House_Netley,Netley,Iron Islands
https://awoiaf.westeros.org/index.php/House_Sharp,Sharp,Iron Islands
https://awoiaf.westeros.org/index.php/House_Greyjoy,Greyjoy of Pyke,Iron Islands
https://awoiaf.westeros.org/index.php/House_Greyiron,Greyiron of Orkmont,Iron Islands
https://awoiaf.westeros.org/index.php/House_Orkwood,Orkwood of Orkmont,Iron Islands
https://awoiaf.westeros.org/index.php/House_Harlaw_of_Harlaw_Hall,Harlaw of Harlaw Hall,Iron Islands
https://awoiaf.westeros.org/index.php/House_Sunderly,Sunderly of Saltcliffe,Iron Islands
https://awoiaf.westeros.org/index.php/House_Humble,Humble,Iron Islands
https://awoiaf.westeros.org/index.php/House_Codd,Codd,Iron Islands
https://awoiaf.westeros.org/index.php/House_Ironmaker,Ironmaker,Iron Islands
https://awoiaf.westeros.org/index.php/House_Tawney,Tawney of Orkmont,Iron Islands
https://awoiaf.westeros.org/index.php/House_Drumm,Drumm of Old Wyk,Iron Islands
https://awoiaf.westeros.org/index.php/House_Botley,Botley of Lordsport,Iron Islands
https://awoiaf.westeros.org/index.php/House_Blacktyde,Blacktyde of Blacktyde,Iron Islands
https://awoiaf.westeros.org/index.php/House_Kenning_of_Harlaw,Kenning of Harlaw,Iron Islands
https://awoiaf.westeros.org/index.php/House_Volmark,Volmark of Volmark,Iron Islands (Shield Islands)
https://awoiaf.westeros.org/index.php/House_Harlaw_of_Grey_Garden,Harlaw of Grey Garden,Iron Islands (Shield Islands)
https://awoiaf.westeros.org/index.php/Nute,Nute of Oakenshield,Iron Islands (Shield Islands)
https://awoiaf.westeros.org/index.php/Andrik_the_Unsmiling,Andrik of Southshield,Iron Islands (Shield Islands)
https://awoiaf.westeros.org/index.php/House_Hoare,Hoare of Orkmont,Iron Islands (origin); Riverlands
https://awoiaf.westeros.org/index.php/House_Xho,Xho,Jhala
https://awoiaf.westeros.org/index.php/House_Qo,Qo,Jhala
https://awoiaf.westeros.org/index.php/House_Xaq,Xaq,Koj
https://awoiaf.westeros.org/index.php/House_Haen,Haen,Lys
https://awoiaf.westeros.org/index.php/House_Rogare,Rogare,Lys
https://awoiaf.westeros.org/index.php/House_of_Rhazdar,Rhazdar,Meereen
https://awoiaf.westeros.org/index.php/House_of_Hazkar,Hazkar,Meereen
https://awoiaf.westeros.org/index.php/House_of_Galare,Galare,Meereen
https://awoiaf.westeros.org/index.php/House_of_Loraq,Loraq,Meereen
https://awoiaf.westeros.org/index.php/House_of_Kandaq,Kandaq,Meereen
https://awoiaf.westeros.org/index.php/House_of_Yherizan,Yherizan,Meereen
https://awoiaf.westeros.org/index.php/House_of_Zhak,Zhak,Meereen
https://awoiaf.westeros.org/index.php/House_of_Dhazak,Dhazak,Meereen
https://awoiaf.westeros.org/index.php/House_of_Merreq,Merreq,Meereen
https://awoiaf.westeros.org/index.php/House_of_Reznak,Reznak,Meereen
https://awoiaf.westeros.org/index.php/House_of_Quazzar,Quazzar,Meereen
https://awoiaf.westeros.org/index.php/House_of_Pahl,Pahl,Meereen
https://awoiaf.westeros.org/index.php/House_of_Naqqan,Naqqan,Meereen
https://awoiaf.westeros.org/index.php/House_of_Ghazeen,Ghazeen,Meereen
https://awoiaf.westeros.org/index.php/House_of_Uhlez,Uhlez,Meereen
https://awoiaf.westeros.org/index.php/House_Poole,Poole,North
https://awoiaf.westeros.org/index.php/House_Lake_(north),Lake,North
https://awoiaf.westeros.org/index.php/House_Ryswell,Ryswell of the Rills,North
https://awoiaf.westeros.org/index.php/House_Lightfoot,Lightfoot,North
https://awoiaf.westeros.org/index.php/House_Mollen,Mollen,North
https://awoiaf.westeros.org/index.php/House_Redbeard,Redbeard,North
https://awoiaf.westeros.org/index.php/House_Slate,Slate of Blackpool,North
https://awoiaf.westeros.org/index.php/House_Mormont,Mormont of Bear Island,North
https://awoiaf.westeros.org/index.php/House_Locke,Locke of Oldcastle,North
https://awoiaf.westeros.org/index.php/House_Karstark,Karstark of Karhold,North
https://awoiaf.westeros.org/index.php/House_Marsh,Marsh,North
https://awoiaf.westeros.org/index.php/House_Ironsmith,Ironsmith,North
https://awoiaf.westeros.org/index.php/House_Moss,Moss,North
https://awoiaf.westeros.org/index.php/House_Greystark,Greystark of the Wolf's Den,North
https://awoiaf.westeros.org/index.php/House_Long,Long,North
https://awoiaf.westeros.org/index.php/House_Ryder,Ryder of the Rills,North
https://awoiaf.westeros.org/index.php/House_Hornwood,Hornwood of Hornwood,North
https://awoiaf.westeros.org/index.php/House_Woolfield,Woolfield,North
https://awoiaf.westeros.org/index.php/House_Greenwood,Greenwood,North
https://awoiaf.westeros.org/index.php/House_Holt_(north),Holt,North
https://awoiaf.westeros.org/index.php/House_Frost,Frost,North
https://awoiaf.westeros.org/index.php/House_Wells_(north),Wells,North
https://awoiaf.westeros.org/index.php/House_Towers_(north),Towers,North
https://awoiaf.westeros.org/index.php/House_Stout,Stout of Goldgrass,North
https://awoiaf.westeros.org/index.php/House_Stark,Stark of Winterfell,North
https://awoiaf.westeros.org/index.php/House_Fisher_of_the_Stony_Shore,Fisher of the Stony Shore,North
https://awoiaf.westeros.org/index.php/House_Flint_of_Breakstone_Hill,Flint of Breakstone Hill,North
https://awoiaf.westeros.org/index.php/House_Flint_of_Flint%27s_Finger,Flint of Flint's Finger,North
https://awoiaf.westeros.org/index.php/House_Flint_of_Widow%27s_Watch,Flint of Widow's Watch,North
https://awoiaf.westeros.org/index.php/House_Bolton_of_Winterfell,Bolton of Winterfell,North
https://awoiaf.westeros.org/index.php/House_Cerwyn,Cerwyn of Castle Cerwyn,North
https://awoiaf.westeros.org/index.php/House_Tallhart,Tallhart of Torrhen's Square,North
https://awoiaf.westeros.org/index.php/House_Dustin,Dustin of Barrowton,North
https://awoiaf.westeros.org/index.php/House_Thenn,Thenn,North
https://awoiaf.westeros.org/index.php/House_Condon,Condon,North
https://awoiaf.westeros.org/index.php/House_Whitehill,Whitehill of Highpoint,North
https://awoiaf.westeros.org/index.php/House_Ashwood,Ashwood,North
https://awoiaf.westeros.org/index.php/House_Bolton,Bolton of the Dreadfort,North
https://awoiaf.westeros.org/index.php/House_Waterman,Waterman,North
https://awoiaf.westeros.org/index.php/House_Woodfoot,Woodfoot of Bear Island,North
https://awoiaf.westeros.org/index.php/House_Overton,Overton,North
https://awoiaf.westeros.org/index.php/House_Glover,Glover of Deepwood Motte,North
https://awoiaf.westeros.org/index.php/House_Amber,Amber,North
https://awoiaf.westeros.org/index.php/House_Cassel,Cassel,North
https://awoiaf.westeros.org/index.php/House_Umber,Umber of the Last Hearth,North
https://awoiaf.westeros.org/index.php/House_Blackmyre,Blackmyre,North (Crannogmen)
https://awoiaf.westeros.org/index.php/House_Fenn,Fenn,North (Crannogmen)
https://awoiaf.westeros.org/index.php/House_Greengood,Greengood,North (Crannogmen)
https://awoiaf.westeros.org/index.php/House_Cray,Cray,North (Crannogmen)
https://awoiaf.westeros.org/index.php/House_Peat,Peat,North (Crannogmen)
https://awoiaf.westeros.org/index.php/House_Reed,Reed of Greywater Watch,North (Crannogmen)
https://awoiaf.westeros.org/index.php/House_Quagg,Quagg,North (Crannogmen)
https://awoiaf.westeros.org/index.php/House_Boggs_(north),Boggs,North (Crannogmen)
https://awoiaf.westeros.org/index.php/House_Wull,Wull,North (Mountain Clans)
https://awoiaf.westeros.org/index.php/House_Knott,Knott,North (Mountain Clans)
https://awoiaf.westeros.org/index.php/House_Liddle,Liddle,North (Mountain Clans)
https://awoiaf.westeros.org/index.php/House_Norrey,Norrey,North (Mountain Clans)
https://awoiaf.westeros.org/index.php/House_Burley,Burley,North (Mountain Clans)
https://awoiaf.westeros.org/index.php/House_Flint_of_the_mountains,Flint of the mountains,North (Mountain Clans)
https://awoiaf.westeros.org/index.php/House_Harclay,Harclay,North (Mountain Clans)
https://awoiaf.westeros.org/index.php/House_Stane,Stane of Driftwood Hall,North (Skagosi Clans)
https://awoiaf.westeros.org/index.php/House_Magnar,Magnar of Kingshouse,North (Skagosi Clans)
https://awoiaf.westeros.org/index.php/House_Crowl,Crowl of Deepdown,North (Skagosi Clans)
https://awoiaf.westeros.org/index.php/House_Branch,Branch,North (Wolfswood Clans)
https://awoiaf.westeros.org/index.php/House_Woods,Woods,North (Wolfswood Clans)
https://awoiaf.westeros.org/index.php/House_Forrester,Forrester,North (Wolfswood Clans)
https://awoiaf.westeros.org/index.php/House_Bole,Bole,North (Wolfswood Clans)
https://awoiaf.westeros.org/index.php/House_Manderly,Manderly of White Harbor,North; Reach (formerly)
https://awoiaf.westeros.org/index.php/House_Varner,Varner,Reach
https://awoiaf.westeros.org/index.php/House_Redwyne,Redwyne of the Arbor,Reach
https://awoiaf.westeros.org/index.php/House_Yelshire,Yelshire,Reach
https://awoiaf.westeros.org/index.php/House_Bridges,Bridges,Reach
https://awoiaf.westeros.org/index.php/House_Redding,Redding,Reach
https://awoiaf.westeros.org/index.php/House_Rhysling,Rhysling,Reach
https://awoiaf.westeros.org/index.php/House_Lyberr,Lyberr,Reach
https://awoiaf.westeros.org/index.php/House_Sloane,Sloane,Reach
https://awoiaf.westeros.org/index.php/House_Blackbar,Blackbar of Bandallon,Reach
https://awoiaf.westeros.org/index.php/House_Osgrey,Osgrey of Standfast,Reach
https://awoiaf.westeros.org/index.php/House_Osgrey_of_Leafy_Lake,Osgrey of Leafy Lake,Reach
https://awoiaf.westeros.org/index.php/House_Orme,Orme,Reach
https://awoiaf.westeros.org/index.php/House_Oldflowers,Oldflowers,Reach
https://awoiaf.westeros.org/index.php/House_Oakheart,Oakheart of Old Oak,Reach
https://awoiaf.westeros.org/index.php/House_Peake,Peake of Starpike,Reach
https://awoiaf.westeros.org/index.php/House_Ambrose,Ambrose,Reach
https://awoiaf.westeros.org/index.php/House_Norridge,Norridge,Reach
https://awoiaf.westeros.org/index.php/House_Norcross,Norcross,Reach
https://awoiaf.westeros.org/index.php/House_Vyrwel,Vyrwel of Darkdell,Reach
https://awoiaf.westeros.org/index.php/House_Appleton,Appleton of Appleton,Reach
https://awoiaf.westeros.org/index.php/House_Mullendore,Mullendore of Uplands,Reach
https://awoiaf.westeros.org/index.php/House_Webber,Webber of Coldmoat,Reach
https://awoiaf.westeros.org/index.php/House_Wythers,Wythers,Reach
https://awoiaf.westeros.org/index.php/House_Uffering,Uffering,Reach
https://awoiaf.westeros.org/index.php/House_Ball,Ball,Reach
https://awoiaf.westeros.org/index.php/House_Middlebury,Middlebury,Reach
https://awoiaf.westeros.org/index.php/House_Beesbury,Beesbury of Honeyholt,Reach
https://awoiaf.westeros.org/index.php/House_Merryweather,Merryweather of Longtable,Reach
https://awoiaf.westeros.org/index.php/House_Meadows,Meadows of Grassy Vale,Reach
https://awoiaf.westeros.org/index.php/House_Ashford,Ashford of Ashford,Reach
https://awoiaf.westeros.org/index.php/House_Pommingham,Pommingham,Reach
https://awoiaf.westeros.org/index.php/House_Lowther,Lowther,Reach
https://awoiaf.westeros.org/index.php/House_Bulwer,Bulwer of Blackcrown,Reach
https://awoiaf.westeros.org/index.php/House_Cordwayner,Cordwayner of Hammerhal,Reach
https://awoiaf.westeros.org/index.php/House_Costayne,Costayne of the Three Towers,Reach
https://awoiaf.westeros.org/index.php/House_Inchfield,Inchfield,Reach
https://awoiaf.westeros.org/index.php/House_Hutcheson,Hutcheson,Reach
https://awoiaf.westeros.org/index.php/House_Roxton,Roxton of the Ring,Reach
https://awoiaf.westeros.org/index.php/House_Hunt,Hunt,Reach
https://awoiaf.westeros.org/index.php/House_Leygood,Leygood,Reach
https://awoiaf.westeros.org/index.php/House_Crane,Crane of Red Lake,Reach
https://awoiaf.westeros.org/index.php/House_Woodwright,Woodwright,Reach
https://awoiaf.westeros.org/index.php/House_Tarly,Tarly of Horn Hill,Reach
https://awoiaf.westeros.org/index.php/House_Cuy,Cuy of Sunhouse,Reach
https://awoiaf.westeros.org/index.php/House_Willum,Willum,Reach
https://awoiaf.westeros.org/index.php/House_Dunn,Dunn,Reach
https://awoiaf.westeros.org/index.php/House_Hightower,Hightower of Oldtown,Reach
https://awoiaf.westeros.org/index.php/House_Fossoway_of_Cider_Hall,Fossoway of Cider Hall,Reach
https://awoiaf.westeros.org/index.php/House_Durwell,Durwell,Reach
https://awoiaf.westeros.org/index.php/House_Footly,Footly of Tumbleton,Reach
https://awoiaf.westeros.org/index.php/House_Florent,Florent of Brightwater Keep,Reach
https://awoiaf.westeros.org/index.php/House_Fossoway_of_New_Barrel,Fossoway of New Barrel,Reach
https://awoiaf.westeros.org/index.php/House_Hastwyck,Hastwyck,Reach
https://awoiaf.westeros.org/index.php/House_Stackhouse,Stackhouse,Reach
https://awoiaf.westeros.org/index.php/House_Risley,Risley of Risley Glade,Reach
https://awoiaf.westeros.org/index.php/House_Tyrell,Tyrell of Highgarden,Reach
https://awoiaf.westeros.org/index.php/House_Bushy,Bushy,Reach
https://awoiaf.westeros.org/index.php/House_Tyrell_of_Brightwater_Keep,Tyrell of Brightwater Keep,Reach
https://awoiaf.westeros.org/index.php/House_Graves,Graves,Reach
https://awoiaf.westeros.org/index.php/House_Shermer,Shermer of Smithyton,Reach
https://awoiaf.westeros.org/index.php/House_Gardener,Gardener of Highgarden,Reach
https://awoiaf.westeros.org/index.php/House_Caswell,Caswell of Bitterbridge,Reach
https://awoiaf.westeros.org/index.php/House_Graceford,Graceford of Holyhall,Reach
https://awoiaf.westeros.org/index.php/House_Kidwell,Kidwell of Ivy Hall,Reach
https://awoiaf.westeros.org/index.php/House_Cobb,Cobb,Reach
https://awoiaf.westeros.org/index.php/House_Cockshaw,Cockshaw,Reach
https://awoiaf.westeros.org/index.php/House_Rowan,Rowan of Goldengrove,Reach
https://awoiaf.westeros.org/index.php/House_Conklyn,Conklyn,Reach
https://awoiaf.westeros.org/index.php/House_Westbrook,Westbrook,Reach
https://awoiaf.westeros.org/index.php/House_Hewett,Hewett of Oakenshield,Reach (Shield Islands)
https://awoiaf.westeros.org/index.php/House_Serry,Serry of Southshield,Reach (Shield Islands)
https://awoiaf.westeros.org/index.php/House_Chester,Chester of Greenshield,Reach (Shield Islands)
https://awoiaf.westeros.org/index.php/House_Grimm,Grimm of Greyshield,Reach (Shield Islands)
https://awoiaf.westeros.org/index.php/House_Wode,Wode,Riverlands
https://awoiaf.westeros.org/index.php/House_Smallwood,Smallwood of Acorn Hall,Riverlands
https://awoiaf.westeros.org/index.php/House_Shawney,Shawney,Riverlands
https://awoiaf.westeros.org/index.php/House_Wayn,Wayn,Riverlands
https://awoiaf.westeros.org/index.php/House_Pemford,Pemford,Riverlands
https://awoiaf.westeros.org/index.php/House_Ryger,Ryger of Willow Wood,Riverlands
https://awoiaf.westeros.org/index.php/House_Perryn,Perryn,Riverlands
https://awoiaf.westeros.org/index.php/House_Piper,Piper of Pinkmaiden,Riverlands
https://awoiaf.westeros.org/index.php/House_Vypren,Vypren,Riverlands
https://awoiaf.westeros.org/index.php/House_Teague,Teague,Riverlands
https://awoiaf.westeros.org/index.php/House_Qoherys,Qoherys of Harrenhal,Riverlands
https://awoiaf.westeros.org/index.php/House_Terrick,Terrick,Riverlands
https://awoiaf.westeros.org/index.php/House_Whent,Whent of Harrenhal,Riverlands
https://awoiaf.westeros.org/index.php/House_Vance_of_Wayfarer%27s_Rest,Vance of Wayfarer's Rest,Riverlands
https://awoiaf.westeros.org/index.php/House_Tully,Tully of Riverrun,Riverlands
https://awoiaf.westeros.org/index.php/House_Roote,Roote of Lord Harroway's Town,Riverlands
https://awoiaf.westeros.org/index.php/House_Vance_of_Atranta,Vance of Atranta,Riverlands
https://awoiaf.westeros.org/index.php/House_Strong,Strong of Harrenhal,Riverlands
https://awoiaf.westeros.org/index.php/House_Towers_of_Harrenhal,Towers of Harrenhal,Riverlands
https://awoiaf.westeros.org/index.php/House_Justman,Justman,Riverlands
https://awoiaf.westeros.org/index.php/House_Paege,Paege,Riverlands
https://awoiaf.westeros.org/index.php/House_Charlton,Charlton,Riverlands
https://awoiaf.westeros.org/index.php/House_Haigh,Haigh,Riverlands
https://awoiaf.westeros.org/index.php/House_Lolliston,Lolliston,Riverlands
https://awoiaf.westeros.org/index.php/House_Cox,Cox of Saltpans,Riverlands
https://awoiaf.westeros.org/index.php/House_Darry,Darry of Darry,Riverlands
https://awoiaf.westeros.org/index.php/House_Lannister_of_Darry,Lannister of Darry,Riverlands
https://awoiaf.westeros.org/index.php/House_Deddings,Deddings,Riverlands
https://awoiaf.westeros.org/index.php/House_Keath,Keath,Riverlands
https://awoiaf.westeros.org/index.php/House_Chambers,Chambers,Riverlands
https://awoiaf.westeros.org/index.php/House_Erenford,Erenford,Riverlands
https://awoiaf.westeros.org/index.php/House_Fisher,Fisher of the Misty Isle,Riverlands
https://awoiaf.westeros.org/index.php/House_Heddle,Heddle,Riverlands
https://awoiaf.westeros.org/index.php/House_Hawick,Hawick of Saltpans,Riverlands
https://awoiaf.westeros.org/index.php/House_Frey_of_Riverrun,Frey of Riverrun,Riverlands
https://awoiaf.westeros.org/index.php/House_Harroway,Harroway of Harrenhal,Riverlands
https://awoiaf.westeros.org/index.php/House_Frey,Frey of the Crossing,Riverlands
https://awoiaf.westeros.org/index.php/House_Goodbrook,Goodbrook,Riverlands
https://awoiaf.westeros.org/index.php/House_Grell,Grell,Riverlands
https://awoiaf.westeros.org/index.php/House_Hook,Hook,Riverlands
https://awoiaf.westeros.org/index.php/House_Lothston,Lothston of Harrenhal,Riverlands
https://awoiaf.westeros.org/index.php/House_Grey,Grey,Riverlands
https://awoiaf.westeros.org/index.php/House_Mooton,Mooton of Maidenpool,Riverlands
https://awoiaf.westeros.org/index.php/House_Nutt,Nutt,Riverlands
https://awoiaf.westeros.org/index.php/House_Lychester,Lychester,Riverlands
https://awoiaf.westeros.org/index.php/House_Mallister,Mallister of Seagard,Riverlands
https://awoiaf.westeros.org/index.php/House_Mudd,Mudd of Oldstones,Riverlands
https://awoiaf.westeros.org/index.php/House_Butterwell,Butterwell of Whitewalls,Riverlands
https://awoiaf.westeros.org/index.php/House_Nayland,Nayland of Hag's Mire,Riverlands
https://awoiaf.westeros.org/index.php/House_Baelish_of_Harrenhal,Baelish of Harrenhal,Riverlands
https://awoiaf.westeros.org/index.php/House_Blanetree,Blanetree,Riverlands
https://awoiaf.westeros.org/index.php/House_Bracken,Bracken of Stone Hedge,Riverlands
https://awoiaf.westeros.org/index.php/House_Bigglestone,Bigglestone,Riverlands
https://awoiaf.westeros.org/index.php/House_Blackwood,Blackwood of Raventree Hall,Riverlands; North (formerly)
https://awoiaf.westeros.org/index.php/House_Wylde,Wylde of Rain House,Stormlands
https://awoiaf.westeros.org/index.php/House_Baratheon,Baratheon of Storm's End,Stormlands
https://awoiaf.westeros.org/index.php/House_Wensington,Wensington,Stormlands
https://awoiaf.westeros.org/index.php/House_Gower,Gower,Stormlands
https://awoiaf.westeros.org/index.php/House_Grandison,Grandison of Grandview,Stormlands
https://awoiaf.westeros.org/index.php/House_Wagstaff,Wagstaff,Stormlands
https://awoiaf.westeros.org/index.php/House_Fell,Fell of Felwood,Stormlands
https://awoiaf.westeros.org/index.php/House_Trant,Trant of Gallowsgrey,Stormlands
https://awoiaf.westeros.org/index.php/House_Errol,Errol of Haystack Hall,Stormlands
https://awoiaf.westeros.org/index.php/House_Durrandon,Durrandon,Stormlands
https://awoiaf.westeros.org/index.php/House_Swygert,Swygert,Stormlands
https://awoiaf.westeros.org/index.php/House_Bolling,Bolling,Stormlands
https://awoiaf.westeros.org/index.php/House_Brownhill_(stormlands),Brownhill,Stormlands
https://awoiaf.westeros.org/index.php/House_Tarth,Tarth of Evenfall Hall,Stormlands
https://awoiaf.westeros.org/index.php/House_Buckler,Buckler of Bronzegate,Stormlands
https://awoiaf.westeros.org/index.php/House_Connington,Connington of Griffin's Roost,Stormlands
https://awoiaf.westeros.org/index.php/House_Whitehead,Whitehead of the Weeping Town,Stormlands
https://awoiaf.westeros.org/index.php/House_Cafferen,Cafferen of Fawnton,Stormlands
https://awoiaf.westeros.org/index.php/House_Tudbury,Tudbury,Stormlands
https://awoiaf.westeros.org/index.php/House_Toyne,Toyne,Stormlands
https://awoiaf.westeros.org/index.php/House_Estermont,Estermont of Greenstone,Stormlands
https://awoiaf.westeros.org/index.php/House_Cole,Cole,Stormlands
https://awoiaf.westeros.org/index.php/House_Staedmon,Staedmon of Broad Arch,Stormlands
https://awoiaf.westeros.org/index.php/House_Horpe,Horpe,Stormlands
https://awoiaf.westeros.org/index.php/House_Peasebury,Peasebury of Poddingfield,Stormlands
https://awoiaf.westeros.org/index.php/House_Musgood,Musgood,Stormlands
https://awoiaf.westeros.org/index.php/House_Rogers,Rogers of Amberly,Stormlands
https://awoiaf.westeros.org/index.php/House_Lonmouth,Lonmouth,Stormlands
https://awoiaf.westeros.org/index.php/House_Kellington,Kellington,Stormlands
https://awoiaf.westeros.org/index.php/House_Penrose,Penrose of Parchments,Stormlands
https://awoiaf.westeros.org/index.php/House_Seaworth,Seaworth of Cape Wrath,Stormlands
https://awoiaf.westeros.org/index.php/House_Mertyns,Mertyns of Mistwood,Stormlands
https://awoiaf.westeros.org/index.php/House_Hasty,Hasty,Stormlands
https://awoiaf.westeros.org/index.php/House_Morrigen,Morrigen of Crow's Nest,Stormlands
https://awoiaf.westeros.org/index.php/House_Herston,Herston,Stormlands
https://awoiaf.westeros.org/index.php/House_Swann,Swann of Stonehelm,Stormlands (Marcher Lords)
https://awoiaf.westeros.org/index.php/House_Caron,Caron of Nightsong,Stormlands (Marcher Lords)
https://awoiaf.westeros.org/index.php/House_Dondarrion,Dondarrion of Blackhaven,Stormlands (Marcher Lords)
https://awoiaf.westeros.org/index.php/House_Selmy,Selmy of Harvest Hall,Stormlands (Marcher Lords)
https://awoiaf.westeros.org/index.php/House_Foote_of_Nightsong,Foote of Nightsong,Stormlands (Marcher Lords)
https://awoiaf.westeros.org/index.php/House_Blackberry,Blackberry,Unknown
https://awoiaf.westeros.org/index.php/House_Lansdale,Lansdale,Unknown
https://awoiaf.westeros.org/index.php/House_Cupps,Cupps,Unknown
https://awoiaf.westeros.org/index.php/House_Weatherwax,Weatherwax,Unknown
https://awoiaf.westeros.org/index.php/House_Belgrave,Belgrave,Unknown
https://awoiaf.westeros.org/index.php/House_Leek,Leek,Unknown
https://awoiaf.westeros.org/index.php/House_Warrick,Warrick,Unknown
https://awoiaf.westeros.org/index.php/House_Rankenfell,Rankenfell,Unknown
https://awoiaf.westeros.org/index.php/House_Mandrake,Mandrake,Unknown
https://awoiaf.westeros.org/index.php/House_Bush,Bush,Unknown
https://awoiaf.westeros.org/index.php/House_Wormwood,Wormwood,Unknown
https://awoiaf.westeros.org/index.php/House_Qhoqua,Qhoqua,Unknown
https://awoiaf.westeros.org/index.php/House_Potter,Potter,Unknown
https://awoiaf.westeros.org/index.php/House_Bourney,Bourney,Unknown
https://awoiaf.westeros.org/index.php/House_Penny,Penny,Unknown
https://awoiaf.westeros.org/index.php/House_Groves,Groves,Unknown
https://awoiaf.westeros.org/index.php/House_Whitfield,Whitfield,Unknown
https://awoiaf.westeros.org/index.php/House_Sweet,Sweet,Unknown
https://awoiaf.westeros.org/index.php/House_Ruskyn,Ruskyn,Unknown
https://awoiaf.westeros.org/index.php/House_Straw,Straw,Unknown
https://awoiaf.westeros.org/index.php/House_Foxglove,Foxglove,Unknown
https://awoiaf.westeros.org/index.php/House_Greenhill,Greenhill,Unknown
https://awoiaf.westeros.org/index.php/House_Sawyer,Sawyer,Unknown
https://awoiaf.westeros.org/index.php/House_Strickland,Strickland,Unknown
https://awoiaf.westeros.org/index.php/House_Goode,Goode,Unknown
https://awoiaf.westeros.org/index.php/House_Farrow,Farrow,Unknown
https://awoiaf.westeros.org/index.php/House_Suggs,Suggs,Unknown
https://awoiaf.westeros.org/index.php/House_Donniger,Donniger,Vale of Arryn
https://awoiaf.westeros.org/index.php/House_Hersy,Hersy of Newkeep,Vale of Arryn
https://awoiaf.westeros.org/index.php/House_Moore,Moore,Vale of Arryn
https://awoiaf.westeros.org/index.php/House_Grafton,Grafton of Gulltown,Vale of Arryn
https://awoiaf.westeros.org/index.php/House_Belmore,Belmore of Strongsong,Vale of Arryn
https://awoiaf.westeros.org/index.php/House_Waxley,Waxley of Wickenden,Vale of Arryn
https://awoiaf.westeros.org/index.php/House_Shett_of_Gulltown,Shett of Gulltown,Vale of Arryn
https://awoiaf.westeros.org/index.php/House_Waynwood,Waynwood of Ironoaks,Vale of Arryn
https://awoiaf.westeros.org/index.php/House_Shett_of_Gull_Tower,Shett of Gull Tower,Vale of Arryn
https://awoiaf.westeros.org/index.php/House_Baelish,Baelish of the Fingers,Vale of Arryn
https://awoiaf.westeros.org/index.php/House_Wydman,Wydman,Vale of Arryn
https://awoiaf.westeros.org/index.php/House_Arryn,Arryn of the Eyrie,Vale of Arryn
https://awoiaf.westeros.org/index.php/House_Arryn_of_Gulltown,Arryn of Gulltown,Vale of Arryn
https://awoiaf.westeros.org/index.php/House_Hardyng,Hardyng,Vale of Arryn
https://awoiaf.westeros.org/index.php/House_Woodhull,Woodhull,Vale of Arryn
https://awoiaf.westeros.org/index.php/House_Ruthermont,Ruthermont,Vale of Arryn
https://awoiaf.westeros.org/index.php/House_Upcliff,Upcliff of the Witch Isle,Vale of Arryn
https://awoiaf.westeros.org/index.php/House_Brightstone,Brightstone,Vale of Arryn
https://awoiaf.westeros.org/index.php/House_Coldwater,Coldwater of Coldwater Burn,Vale of Arryn
https://awoiaf.westeros.org/index.php/House_Templeton,Templeton of Ninestars,Vale of Arryn
https://awoiaf.westeros.org/index.php/House_Tollett,Tollett of the Grey Glen,Vale of Arryn
https://awoiaf.westeros.org/index.php/House_Breakstone,Breakstone,Vale of Arryn
https://awoiaf.westeros.org/index.php/House_Redfort,Redfort of Redfort,Vale of Arryn
https://awoiaf.westeros.org/index.php/House_Corbray,Corbray of Heart's Home,Vale of Arryn
https://awoiaf.westeros.org/index.php/House_Shell_(Vale),Shell,Vale of Arryn
https://awoiaf.westeros.org/index.php/House_Elesham,Elesham of the Paps,Vale of Arryn
https://awoiaf.westeros.org/index.php/House_Egen,Egen,Vale of Arryn
https://awoiaf.westeros.org/index.php/House_Melcolm,Melcolm of Old Anchor,Vale of Arryn
https://awoiaf.westeros.org/index.php/House_Pryor,Pryor of Pebble,Vale of Arryn
https://awoiaf.westeros.org/index.php/House_Royce_of_the_Gates_of_the_Moon,Royce of the Gates of the Moon,Vale of Arryn
https://awoiaf.westeros.org/index.php/House_Royce,Royce of Runestone,Vale of Arryn
https://awoiaf.westeros.org/index.php/House_Hunter,Hunter of Longbow Hall,Vale of Arryn
https://awoiaf.westeros.org/index.php/House_Lynderly,Lynderly of Snakewood,Vale of Arryn
https://awoiaf.westeros.org/index.php/House_Lipps,Lipps,Vale of Arryn
https://awoiaf.westeros.org/index.php/House_Torrent,Torrent of Littlesister,Vale of Arryn (Sistermen)
https://awoiaf.westeros.org/index.php/House_Borrell,Borrell of Sweetsister,Vale of Arryn (Sistermen)
https://awoiaf.westeros.org/index.php/House_Sunderland,Sunderland of the Three Sisters,Vale of Arryn (Sistermen)
https://awoiaf.westeros.org/index.php/House_Longthorpe,Longthorpe of Longsister,Vale of Arryn (Sistermen)
https://awoiaf.westeros.org/index.php/House_Yew,Yew,Westerlands
https://awoiaf.westeros.org/index.php/House_Yarwyck,Yarwyck,Westerlands
https://awoiaf.westeros.org/index.php/House_Algood,Algood,Westerlands
https://awoiaf.westeros.org/index.php/House_Vikary,Vikary,Westerlands
https://awoiaf.westeros.org/index.php/House_Kenning_of_Kayce,Kenning of Kayce,Westerlands
https://awoiaf.westeros.org/index.php/House_Jast,Jast,Westerlands
https://awoiaf.westeros.org/index.php/House_Hetherspoon,Hetherspoon,Westerlands
https://awoiaf.westeros.org/index.php/House_Westerling,Westerling of the Crag,Westerlands
https://awoiaf.westeros.org/index.php/House_Hamell,Hamell,Westerlands
https://awoiaf.westeros.org/index.php/House_Greenfield,Greenfield of Greenfield,Westerlands
https://awoiaf.westeros.org/index.php/House_Garner,Garner,Westerlands
https://awoiaf.westeros.org/index.php/House_Foote,Foote,Westerlands
https://awoiaf.westeros.org/index.php/House_Ferren,Ferren,Westerlands
https://awoiaf.westeros.org/index.php/House_Farman,Farman of Faircastle,Westerlands
https://awoiaf.westeros.org/index.php/House_Kyndall,Kyndall,Westerlands
https://awoiaf.westeros.org/index.php/House_Falwell,Falwell,Westerlands
https://awoiaf.westeros.org/index.php/House_Drox,Drox,Westerlands
https://awoiaf.westeros.org/index.php/House_Doggett,Doggett,Westerlands
https://awoiaf.westeros.org/index.php/House_Crakehall,Crakehall of Crakehall,Westerlands
https://awoiaf.westeros.org/index.php/House_Clifton,Clifton,Westerlands
https://awoiaf.westeros.org/index.php/House_Clegane,Clegane of Clegane's Keep,Westerlands
https://awoiaf.westeros.org/index.php/House_Casterly,Casterly of Casterly Rock,Westerlands
https://awoiaf.westeros.org/index.php/House_Broom,Broom,Westerlands
https://awoiaf.westeros.org/index.php/House_Brax,Brax of Hornvale,Westerlands
https://awoiaf.westeros.org/index.php/House_Bettley,Bettley,Westerlands
https://awoiaf.westeros.org/index.php/House_Banefort,Banefort of Banefort,Westerlands
https://awoiaf.westeros.org/index.php/House_Estren,Estren of Wyndhall,Westerlands
https://awoiaf.westeros.org/index.php/House_Lannett,Lannett,Westerlands
https://awoiaf.westeros.org/index.php/House_Hawthorne,Hawthorne,Westerlands
https://awoiaf.westeros.org/index.php/House_Lannister_of_Lannisport,Lannister of Lannisport,Westerlands
https://awoiaf.westeros.org/index.php/House_Turnberry,Turnberry,Westerlands
https://awoiaf.westeros.org/index.php/House_Tarbeck,Tarbeck of Tarbeck Hall,Westerlands
https://awoiaf.westeros.org/index.php/House_Swyft,Swyft of Cornfield,Westerlands
https://awoiaf.westeros.org/index.php/House_Stackspear,Stackspear,Westerlands
https://awoiaf.westeros.org/index.php/House_Spicer,Spicer of Castamere,Westerlands
https://awoiaf.westeros.org/index.php/House_Serrett,Serrett of Silverhill,Westerlands
https://awoiaf.westeros.org/index.php/House_Sarsfield,Sarsfield of Sarsfield,Westerlands
https://awoiaf.westeros.org/index.php/House_Ruttiger,Ruttiger,Westerlands
https://awoiaf.westeros.org/index.php/House_Lannister,Lannister of Casterly Rock,Westerlands
https://awoiaf.westeros.org/index.php/House_Prester,Prester of Feastfires,Westerlands
https://awoiaf.westeros.org/index.php/House_Plumm,Plumm,Westerlands
https://awoiaf.westeros.org/index.php/House_Peckledon,Peckledon,Westerlands
https://awoiaf.westeros.org/index.php/House_Payne,Payne,Westerlands
https://awoiaf.westeros.org/index.php/House_Reyne,Reyne of Castamere,Westerlands
https://awoiaf.westeros.org/index.php/House_Lefford,Lefford of the Golden Tooth,Westerlands
https://awoiaf.westeros.org/index.php/House_Parren,Parren,Westerlands
https://awoiaf.westeros.org/index.php/House_Lantell,Lantell,Westerlands
https://awoiaf.westeros.org/index.php/House_Lydden,Lydden of Deep Den,Westerlands
https://awoiaf.westeros.org/index.php/House_Lorch,Lorch,Westerlands
https://awoiaf.westeros.org/index.php/House_Moreland,Moreland,Westerlands
https://awoiaf.westeros.org/index.php/House_Myatt,Myatt,Westerlands
https://awoiaf.westeros.org/index.php/House_Marbrand,Marbrand of Ashemark,Westerlands
https://awoiaf.westeros.org/index.php/House_Lanny,Lanny,Westerlands
https://awoiaf.westeros.org/index.php/Purple_emperors,Purple emperors,Yi Ti
https://awoiaf.westeros.org/index.php/Pearl-white_emperors,Pearl-white emperors,Yi Ti
https://awoiaf.westeros.org/index.php/Scarlet_emperors,Scarlet emperors,Yi Ti
https://awoiaf.westeros.org/index.php/Orange_emperors,Orange emperors,Yi Ti
https://awoiaf.westeros.org/index.php/Maroon_emperors,Maroon emperors,Yi Ti
https://awoiaf.westeros.org/index.php/Jade-green_emperors,Jade-green emperors,Yi Ti
https://awoiaf.westeros.org/index.php/Indigo_emperors,Indigo emperors,Yi Ti
https://awoiaf.westeros.org/index.php/Grey_emperors,Grey emperors,Yi Ti
https://awoiaf.westeros.org/index.php/Yellow_emperors,Yellow emperors,Yi Ti
https://awoiaf.westeros.org/index.php/Sea-green_emperors,Sea-green emperors,Yi Ti
https://awoiaf.westeros.org/index.php/Azure_emperors,Azure emperors,Yi Ti
https://awoiaf.westeros.org/index.php/House_of_Ahlaq,Ahlaq,Yunkai
https://awoiaf.westeros.org/index.php/House_of_Zherzyn,Zherzyn,Yunkai
https://awoiaf.westeros.org/index.php/House_of_Eraz,Eraz,Yunkai
https://awoiaf.westeros.org/index.php/House_of_Yunzak,Yunzak,Yunkai
https://awoiaf.westeros.org/index.php/House_of_Faez,Faez,Yunkai
https://awoiaf.westeros.org/index.php/House_of_Rhaezn,Rhaezn,Yunkai
https://awoiaf.westeros.org/index.php/House_of_Qaggaz,Qaggaz,Yunkai
https://awoiaf.westeros.org/index.php/House_of_Myraq,Myraq,Yunkai
